{"cameraMode":{"drawMode":0,"name":"Shaded","section":"Shading Mode"},"sceneLighting":true,"audioPlay":false,"sceneViewState":{"m_AlwaysRefresh":false,"showFog":true,"showSkybox":true,"showFlares":true,"showImageEffects":true,"showParticleSystems":true,"showVisualEffectGraphs":true,"m_FxEnabled":false},"in2DMode":false,"pivot":{"x":0.8395742774009705,"y":-1.152663230895996,"z":-10.92040729522705},"rotation":{"x":0.0033452357165515424,"y":0.9828262329101563,"z":-0.18373225629329682,"w":0.01798977330327034},"size":8.55320930480957,"orthographic":false}